IP,Port,Banner,Timestamp,Hostnames,Country,City,Operating System,Organization
52.74.75.189,7474,"HTTP/1.1 401 Unauthorized
WWW-Authenticate: Basic realm=""neo4j graphdb""
Content-Type: text/html; charset=ISO-8859-1
Cache-Control: must-revalidate,no-cache,no-store
Content-Length: 0
Server: Jetty(9.0.5.v20130815)

",2017-01-03T18:08:59.691052,ec2-52-74-75-189.ap-southeast-1.compute.amazonaws.com,Singapore,Singapore,,Amazon.com Tech Telecom
128.199.143.43,7474,"HTTP/1.1 401 Unauthorized
WWW-Authenticate: Basic realm=""neo4j graphdb""
Content-Type: text/html; charset=ISO-8859-1
Cache-Control: must-revalidate,no-cache,no-store
Content-Length: 0
Server: Jetty(9.0.5.v20130815)

",2017-01-03T13:17:27.486635,,Singapore,Singapore,,DigitalOcean
107.182.170.210,80,"HTTP/1.1 401 Unauthorized
Date: Tue, 03 Jan 2017 13:02:32 GMT
Server: Apache/2.4.7 (Ubuntu)
WWW-Authenticate: Basic realm=""neo4j""
Content-Length: 461
Content-Type: text/html; charset=iso-8859-1

",2017-01-03T13:02:35.523192,107-182-170-210.static.webnx.com,United States,Los Angeles,,WebNX
101.201.252.46,3001,"HTTP/1.1 200 OK
X-Powered-By: Express
X-Frame-Options: SAMEORIGIN
Content-Type: text/html; charset=utf-8
Content-Length: 39098
ETag: W/""98ba-bT+2MYb9MoFAv+bbOP3+Lw""
set-cookie: connect.sid=s%3AtwFXBfdL6MBRZLS7PaOCRDGftzVxkKen.YFMDPxRGiJmV4hZjb28A%2FEO3%2F6Bg4I72TTG5rBNLf5U; Path=/; HttpOnly
Vary: Accept-Encoding
X-Response-Time: 140.338ms
Date: Tue, 03 Jan 2017 12:54:59 GMT
Connection: keep-alive

<!DOCTYPE html>
<html xmlns=""http://www.w3.org/1999/xhtml"">
<head>
  <!-- meta -->
  <meta charset=""utf-8""/>
  <meta name='description' content='Neo4j 中文社区，致力于 Neo4j 的技术研究。'>
  <meta name=""viewport"" content=""width=device-width, initial-scale=1""/>
  <meta name=""keywords"" content=""neo4j,neo4j中文,neo4j中文社区, graphdatabase, 图形数据库""/>
  <!-- see http://smerity.com/articles/2013/where_did_all_the_http_referrers_go.html -->
  <meta name=""referrer"" content=""always"">

  
  <meta name=""author"" content=""EDP@TAOBAO"" />
  

  <link title=""RSS"" type=""application/rss+xml"" rel=""alternate"" href=""/rss""/>

  
  <link rel=""icon"" href=""/public/images/cnode_icon_32.png"" type=""image/x-icon""/>
  

  <!-- style -->
  <link rel=""stylesheet"" href=""/public/stylesheets/index.min.3c50e680.min.css"" media=""all"" />


  <!-- scripts -->
  <script src=""/public/index.min.aeb155e1.min.js""></script>


  
  <title>Neo4j 中文社区，致力于 Neo4j 的技术研究。</title>
  
  <meta content=""_csrf"" name=""csrf-param"">
  <meta content=""BRXqvRBY-uAZW8Y_azRZ0hmfrhaS9_iYSpa4"" name=""csrf-token"">
</head>
<body>
<!-- navbar -->
<div class='navbar'>
  <div class='navbar-inner'>
    <div class='container'>
      <a class='brand' href='/'>
        
          <img src=""/public/images/cnode_logo_128.png"" />
        
      </a>

      <form id='search_form' class='navbar-search' action=""/search"">
        <input type='text' id='q' name='q' class='search-query span3' value=''/>
      </form>
      <ul class='nav pull-right'>
        <li><a href='/'>首页</a></li>
        
        <li><a href='/getstart'>新手入门</a></li>
        <!--<li><a href='/api'>API</a></li>-->
        <li><a href='/public/docs/index.html' target='_blank'>Neo4j中文手册</a></li>
<li><a href='/public/cypher/default.html' target='_blank'>Cypher 中文文档</a></li>

        <li><a href=""/about"" target="""">关于</a></li>
        
        
        <li><a href='/signup'>注册</a></li>
        <li><a href='/signin'>登录</a></li>
        
      </ul>
      <a class=""btn btn-navbar"" id=""responsive-sidebar-trigger"">
        <span class=""icon-bar""></span>
        <span class=""icon-bar""></span>
        <span class=""icon-bar""></span>
      </a>
    </div>
  </div>
</div>
<div id='main'>
  <div id='sidebar'>

  <div class='panel'>
    
    <div class='inner'>
      <p>Neo4j 中文社区，致力于 Neo4j 的技术研究。</p>

      <div>
        您可以
        <a href='/signin'>登录</a>
        或
        <a href='/signup'>注册</a>
        , 也可以
        <a href=""/auth/github"">
          <span class=""span-info"">
            通过 GitHub 登录
          </span>
        </a>
      </div>
    </div>
    
  </div>

  

  
    
  

  
  <div class='panel'>
    <div class='header'>
      <span class='col_fade'>无人回复的话题</span>
    </div>
    <div class='inner'>
      
      <ul class=""unstyled"">
        <li>
  <div><a class='dark topic_title' href=""/topic/585b1df7412d3d2c19c32d3f"" title=""Centos 安装 neo4j"">Centos 安装 neo4j</a>
  </div>
</li>
<li>
  <div><a class='dark topic_title' href=""/topic/5859d86e412d3d2c19c32d3a"" title=""Neo4j 重置密码"">Neo4j 重置密码</a>
  </div>
</li>
<li>
  <div><a class='dark topic_title' href=""/topic/585355a2e9ed9578733a2b6b"" title=""Neo4j 修改关系类型 type"">Neo4j 修改关系类型 type</a>
  </div>
</li>
<li>
  <div><a class='dark topic_title' href=""/topic/58479a4be9ed9578733a2b46"" title=""Linux 系统 Neo4j开机自启动"">Linux 系统 Neo4j开机自启动</a>
  </div>
</li>
<li>
  <div><a class='dark topic_title' href=""/topic/583f7d87e9ed9578733a2b1d"" title=""neo4j 集群搭建"">neo4j 集群搭建</a>
  </div>
</li>

      </ul>
      
    </div>
  </div>
  

  
  <div class='panel'>
    <div class='header'>
      <span class='col_fade'>积分榜</span>
      &nbsp;
      <a class='dark' href='/users/top100'>TOP 100 &gt;&gt;</a>
    </div>
    <div class='inner'>
      
      <ol>
        <li>
  <span class='top_score'>385</span>
  <span class=""user_name""><a href=""/user/pangguoming"">pangguoming</a></span>
</li>
<li>
  <span class='top_score'>50</span>
  <span class=""user_name""><a href=""/user/GameFreedom"">GameFreedom</a></span>
</li>
<li>
  <span class='top_score'>45</span>
  <span class=""user_name""><a href=""/user/zhaobingcn"">zhaobingcn</a></span>
</li>
<li>
  <span class='top_score'>40</span>
  <span class=""user_name""><a href=""/user/wkq278276130"">wkq278276130</a></span>
</li>
<li>
  <span class='top_score'>35</span>
  <span class=""user_name""><a href=""/user/lixin"">lixin</a></span>
</li>
<li>
  <span class='top_score'>30</span>
  <span class=""user_name""><a href=""/user/suvanyan"">suvany",2017-01-03T12:55:04.343457,,China,Hangzhou,,"Aliyun Computing Co., LTD"
77.77.151.104,161,Linux Neo4J 3.10.0-229.14.1.el7.centos.plus.x86_64 #1 SMP Tue Sep 15 18:05:55 UTC 2015 x86_64,2017-01-03T02:34:58.754460,reverse-77-77-151-104.icnhost.net,Bulgaria,,,Internet Corporated Networks Ltd.
128.18.9.75,80,"HTTP/1.1 401 Unauthorized
Server: nginx/1.2.3
Date: Mon, 02 Jan 2017 20:19:28 GMT
Content-Type: text/html
Content-Length: 596
Connection: keep-alive
WWW-Authenticate: Basic realm=""Neo4j""

",2017-01-02T20:19:33.662781,learnreg3.SRI.COM,United States,Menlo Park,,SRI International
146.0.233.84,137,"NetBIOS Response
Servername: WIN-NEO4J      
MAC: 00:0c:29:52:4a:1c

Names:
WIN-NEO4J       <0x20>
WIN-NEO4J       <0x0>
WORKGROUP       <0x0>
",2017-01-02T15:05:55.116912,,Romania,,,velia.net INternetdienste GmbH
23.22.148.117,443,"HTTP/1.1 200 OK
Date: Mon, 02 Jan 2017 01:17:53 GMT
Server: Apache
Last-Modified: Mon, 20 Jan 2014 17:27:21 GMT
ETag: ""247bd-1101-4f06a34455040""
Accept-Ranges: bytes
Content-Length: 4353
Content-Type: text/html

﻿<!--
/**
 * LINKURIOUS CONFIDENTIAL
 * __________________
 * 
 *  [2012] - [2013] Linkurious SAS 
 *  All Rights Reserved.
 *  Sébastien Heymann <seb@linkurio.us>,
 *  Romain Yon <romain@linkurio.us>
 * 
 * NOTICE:  All information contained herein is, and remains
 * the property of Linkurious SAS and its suppliers,
 * if any.  The intellectual and technical concepts contained
 * herein are proprietary to Linkurious SAS
 * and its suppliers and may be covered by French and Foreign Patents,
 * patents in process, and are protected by trade secret or copyright law.
 * Dissemination of this information or reproduction of this material
 * is strictly forbidden unless prior written permission is obtained
 * from Linkurious SAS.
 */
-->
<!DOCTYPE html>
<html lang=""en"">
  <head>
    <meta charset=""utf-8"" />
    <title>Linkurious</title>
    <meta name=""viewport"" content=""width=device-width, initial-scale=1.0"" />
    <meta name=""description"" content=""Visualize graph data easily."" />
    <meta name=""author"" content=""Linkurious SAS"" />
    <link rel=""icon"" type=""image/png"" href=""assets/img/favicon.png"">

    <!-- Le styles -->
    <link href=""assets/font/open-sans/stylesheet.css"" type=""text/css"" charset=""utf-8"" rel=""stylesheet""/>
    <link href=""lib/bootstrap/css/bootstrap.css"" type=""text/css"" rel=""stylesheet"" />
    <link href=""lib/bootstrap/css/bootstrap-responsive.css"" type=""text/css"" rel=""stylesheet"" />
    <link href=""lib/font-awesome/css/font-awesome.min.css"" rel=""stylesheet""/>
    <link href=""lib/select2-3.4.5/select2.css"" rel=""stylesheet""/>
    <link href=""assets/css/components.css"" type=""text/css"" rel=""stylesheet""/>
    <link href=""assets/css/default.css"" type=""text/css"" rel=""stylesheet""/>
    <link href=""assets/css/index.css"" type=""text/css"" rel=""stylesheet""/>
    <!-- Le HTML5 shim, for IE6-8 support of HTML5 elements -->
    <!--[if lt IE 9]>
        <script src=""lib/html5.js""></script>
    <![endif]-->
    <!--[if IE 7]>
        <link href=""lib/fortawesome/css/font-awesome-ie7.min.css"" rel=""stylesheet""/>
    <![endif]-->
  </head>

  <body>
    <div id=""dots""></div>
    <div id=""floater""></div>
    <div id=""content"" style=""z-index:1000"">
      <div class=""left""><a class=""brand""></a> </div>
      <div class=""right"">
        <div id=""intro"">
          <p id=""statusText"">Application Starting...<br /></p>
          <div style=""float:right""><i class=""icon-spinner icon-spin icon-large""></i></div>
        </div> 
        <div id=""main"" style=""display:none"">
          <form class=""form-search"" style=""float:left"">
            <input type=""hidden"" id=""search-filter"" style=""width:12em;float:left"" />
            <input id=""search-box"" type=""hidden"" class=""span6"" />
          </form>
          <div class=""info""> <i class=""icon-info-sign icon-2x icon-muted"" rel=""tooltip"" title=""Start typing on the search bar and select a node to explore the graph database from this point of view. Nodes are grouped by properties that match your query. You can change the priorities of properties in the Search Settings panel. Optionnaly, filter the result by Neo4j label with the selector on the left if your database is Neo4j 2.0.""></i></div>
          <p class=""directAccess""><a href=""graph.html"">...or go to the graph viewer directly.</a></p>
        </div>
      </div>
    </div>
    <div id=""footer""><a href=""http://linkurio.us"" target=""_blank"">© Linkurious SAS</a> <a href=""/LICENSE/EULA-Linkurious-300813EN.pdf"" target=""_blank"">Terms</a> <a href=""/docs/FAQ.html"" target=""_blank"">F.A.Q.</a> <a href=""mailto:contact@linkurio.us"" target=""_blank"">Feedback</a></div>
  <!-- Le javascript
  ================================================== -->
    <script src=""assets/js/js.ext.js""></script>
  <script src=""lib/jquery.min.js""></script>
  <script src=""lib/jquery-ui/jquery-ui-1.10.3.custom.min.js""></script>
  <script src=""lib/bootstrap/js/bootstrap.min.js""></script>
  <script src=""lib/sockjs-0.3.min.js""></script>
  <script src=""lib/underscore-min.js""></script>
  <script src=""lib/select2-3.4.5/select2.min.js""></script>
  <!--Application code-->
  <script src=""assets/js/dom.js""></script>
  <script src=""assets/js/startup.js""></script>
  <script type=""text/javascript"">
    new linkurious.startup();
  </script>
  </body>
</html>
",2017-01-02T01:17:57.139692,ec2-23-22-148-117.compute-1.amazonaws.com,United States,Ashburn,,Amazon.com
183.101.254.121,1234,"HTTP/1.0 401 Unauthorized
Date: Sun, 01 Jan 2017 18:19:41 GMT
Content-Type: application/json; charset=UTF-8
WWW-Authenticate: Basic realm=""Neo4j""
Content-Length: 133
Server: Jetty(9.2.9.v20150224)

",2017-01-01T18:19:10.892796,,"Korea, Republic of",Seoul,,Korea Telecom
52.31.21.123,7474,"HTTP/1.1 401 Unauthorized
WWW-Authenticate: Basic realm=""neo4j graphdb""
Content-Type: text/html; charset=ISO-8859-1
Cache-Control: must-revalidate,no-cache,no-store
Content-Length: 0
Server: Jetty(9.0.5.v20130815)

",2017-01-01T10:21:21.878534,ec2-52-31-21-123.eu-west-1.compute.amazonaws.com,Ireland,Dublin,,Amazon.com
104.236.241.165,7474,"HTTP/1.1 401 Unauthorized
WWW-Authenticate: Basic realm=""neo4j graphdb""
Content-Type: text/html; charset=ISO-8859-1
Cache-Control: must-revalidate,no-cache,no-store
Content-Length: 0
Server: Jetty(9.0.5.v20130815)

",2017-01-01T06:26:33.546630,,United States,New York,,Digital Ocean
52.63.114.70,443,"HTTP/1.1 401 Unauthorized
Server: nginx
Date: Sun, 01 Jan 2017 03:10:16 GMT
Content-Type: text/html
Content-Length: 590
Connection: keep-alive
WWW-Authenticate: Basic realm=""Neo4j""

",2017-01-01T03:10:37.336075,ec2-52-63-114-70.ap-southeast-2.compute.amazonaws.com,Australia,Sydney,,Amazon.com
74.208.205.32,7474,"HTTP/1.1 401 Unauthorized
WWW-Authenticate: Basic realm=""neo4j graphdb""
Content-Type: text/html; charset=iso-8859-1
Cache-Control: must-revalidate,no-cache,no-store
Content-Length: 1371
Server: Jetty(6.1.25)

",2016-12-31T21:59:52.518393,flushotfinder.sdmresources.com,United States,Wayne,,1&1 Internet
54.165.129.241,7474,"HTTP/1.1 401 Unauthorized
WWW-Authenticate: Basic realm=""neo4j graphdb""
Content-Type: text/html; charset=ISO-8859-1
Cache-Control: must-revalidate,no-cache,no-store
Content-Length: 0
Server: Jetty(9.0.5.v20130815)

",2016-12-31T08:51:15.295848,ec2-54-165-129-241.compute-1.amazonaws.com,United States,Ashburn,,AMAZON
104.131.49.25,7474,"HTTP/1.1 401 Unauthorized
WWW-Authenticate: Basic realm=""neo4j graphdb""
Content-Type: text/html; charset=ISO-8859-1
Cache-Control: must-revalidate,no-cache,no-store
Content-Length: 0
Server: Jetty(9.0.5.v20130815)

",2016-12-31T08:09:41.359258,,United States,New York,,Digital Ocean
191.235.132.208,7474,"HTTP/1.1 401 Unauthorized
WWW-Authenticate: Basic realm=""neo4j graphdb""
Content-Type: text/html; charset=ISO-8859-1
Cache-Control: must-revalidate,no-cache,no-store
Content-Length: 0
Server: Jetty(9.0.5.v20130815)

",2016-12-31T04:47:53.948770,,Ireland,Dublin,,Microsoft Azure
162.144.66.143,7474,"HTTP/1.1 401 Unauthorized
WWW-Authenticate: Basic realm=""neo4j graphdb""
Content-Type: text/html; charset=ISO-8859-1
Cache-Control: must-revalidate,no-cache,no-store
Content-Length: 0
Server: Jetty(9.0.5.v20130815)

",2016-12-30T12:19:33.927429,162-144-66-143.unifiedlayer.com,United States,Provo,,Unified Layer
54.174.38.244,7474,"HTTP/1.1 401 Unauthorized
WWW-Authenticate: Basic realm=""neo4j graphdb""
Content-Type: text/html; charset=ISO-8859-1
Cache-Control: must-revalidate,no-cache,no-store
Content-Length: 0
Server: Jetty(9.0.5.v20130815)

",2016-12-30T12:19:05.904845,ec2-54-174-38-244.compute-1.amazonaws.com,United States,Ashburn,,Amazon.com
185.16.88.182,80,"HTTP/1.1 400 Bad Request
Access-Control-Allow-Origin: *
Server: VSP
Host: cc-prod-neo4j-02.p1
Set-Cookie: f5avrbbbbbbbbbbbbbbbb=BBJMKAGDFOPBGAFGNDIJKKODKAIJBCBFLDFFAGPBFECAGLECKBDMKNONKEEFJBDNKKIDOEBDAIAAHALDFKPAIKCDLFKJPIHCOEBOKAPPECAKNECDOFEICDFMHKCALFNA; HttpOnly
Vary: Accept-Encoding

",2016-12-29T18:42:05.188771,,Israel,,,Playtika
178.32.147.91,25,"220 neo4j ESMTP Sendmail 8.15.2/8.15.2; Thu, 29 Dec 2016 16:35:43 GMT
250-neo4j Hello xxx.xxx.xxx.xxx [xxx.xxx.xxx.xxx], pleased to meet you
250-ENHANCEDSTATUSCODES
250-PIPELINING
250-8BITMIME
250-SIZE
250-DSN
250-ETRN
250-STARTTLS
250-DELIVERBY
250 HELP
",2016-12-29T16:35:46.913760,,France,,,OVH SAS
138.91.154.77,137,"NetBIOS Response
Servername: WORKFLOW-NEO4J 
MAC: 00:0d:3a:33:4a:c3

Names:
WORKGROUP       <0x0>
WORKFLOW-NEO4J  <0x0>
WORKFLOW-NEO4J  <0x20>
",2016-12-29T08:41:26.708349,,United States,San Jose,,Microsoft Azure
54.145.118.132,7474,"HTTP/1.1 401 Unauthorized
WWW-Authenticate: Basic realm=""neo4j graphdb""
Content-Type: text/html; charset=iso-8859-1
Cache-Control: must-revalidate,no-cache,no-store
Content-Length: 1371
Server: Jetty(6.1.25)

",2016-12-28T16:40:14.888062,ec2-54-145-118-132.compute-1.amazonaws.com,United States,Ashburn,,AMAZON
74.208.158.239,7474,"HTTP/1.1 401 Unauthorized
WWW-Authenticate: Basic realm=""neo4j graphdb""
Content-Type: text/html; charset=iso-8859-1
Cache-Control: must-revalidate,no-cache,no-store
Content-Length: 1371
Server: Jetty(6.1.25)

",2016-12-28T16:29:26.200166,productfinder.sdmresources.com,United States,Wayne,,1&1 Internet
74.208.158.75,7474,"HTTP/1.1 401 Unauthorized
WWW-Authenticate: Basic realm=""neo4j graphdb""
Content-Type: text/html; charset=iso-8859-1
Cache-Control: must-revalidate,no-cache,no-store
Content-Length: 1371
Server: Jetty(6.1.25)

",2016-12-28T15:19:29.319443,u16433422.onlinehome-server.com,United States,Wayne,,1&1 Internet
104.155.168.205,7474,"HTTP/1.1 401 Unauthorized
WWW-Authenticate: Basic realm=""neo4j graphdb""
Content-Type: text/html; charset=ISO-8859-1
Cache-Control: must-revalidate,no-cache,no-store
Content-Length: 0
Server: Jetty(9.0.5.v20130815)

",2016-12-28T03:06:35.617116,205.168.155.104.bc.googleusercontent.com,United States,Mountain View,,Google Cloud
54.200.38.137,7474,"HTTP/1.1 401 Unauthorized
WWW-Authenticate: Basic realm=""neo4j graphdb""
Content-Type: text/html; charset=ISO-8859-1
Cache-Control: must-revalidate,no-cache,no-store
Content-Length: 0
Server: Jetty(9.0.5.v20130815)

",2016-12-27T21:58:50.177582,ec2-54-200-38-137.us-west-2.compute.amazonaws.com,United States,Boardman,,Amazon.com
168.61.70.95,7474,"HTTP/1.1 401 Unauthorized
WWW-Authenticate: Basic realm=""neo4j graphdb""
Content-Type: text/html; charset=ISO-8859-1
Cache-Control: must-revalidate,no-cache,no-store
Content-Length: 0
Server: Jetty(9.0.5.v20130815)

",2016-12-27T21:21:11.601234,,United States,San Jose,,Microsoft Azure
52.50.231.226,7474,"HTTP/1.1 401 Unauthorized
WWW-Authenticate: Basic realm=""neo4j graphdb""
Content-Type: text/html; charset=ISO-8859-1
Cache-Control: must-revalidate,no-cache,no-store
Content-Length: 0
Server: Jetty(9.0.5.v20130815)

",2016-12-27T18:49:02.842781,ec2-52-50-231-226.eu-west-1.compute.amazonaws.com,Ireland,Dublin,,Amazon.com
54.83.198.113,7474,"HTTP/1.1 401 Unauthorized
WWW-Authenticate: Basic realm=""neo4j graphdb""
Content-Type: text/html; charset=iso-8859-1
Cache-Control: must-revalidate,no-cache,no-store
Content-Length: 1371
Server: Jetty(6.1.25)

",2016-12-26T19:24:45.296736,ec2-54-83-198-113.compute-1.amazonaws.com,United States,Ashburn,,Amazon.com
82.151.200.250,7474,"HTTP/1.1 401 Unauthorized
WWW-Authenticate: Basic realm=""neo4j graphdb""
Content-Type: text/html; charset=ISO-8859-1
Cache-Control: must-revalidate,no-cache,no-store
Content-Length: 0
Server: Jetty(9.0.5.v20130815)

",2016-12-25T23:36:49.036558,,Russian Federation,,,INSYS JSC
52.211.136.207,7474,"HTTP/1.1 401 Unauthorized
WWW-Authenticate: Basic realm=""neo4j graphdb""
Content-Type: text/html; charset=ISO-8859-1
Cache-Control: must-revalidate,no-cache,no-store
Content-Length: 0
Server: Jetty(9.0.5.v20130815)

",2016-12-25T14:15:25.425911,ec2-52-211-136-207.eu-west-1.compute.amazonaws.com,Ireland,Dublin,,Amazon Technologies
54.210.214.122,80,"HTTP/1.1 401 Unauthorized
Server: nginx/1.4.6 (Ubuntu)
Date: Sun, 25 Dec 2016 06:21:36 GMT
Content-Type: text/html
Content-Length: 605
Connection: keep-alive
WWW-Authenticate: Basic realm=""Moment Neo4j""

",2016-12-25T06:25:00.002752,ec2-54-210-214-122.compute-1.amazonaws.com,United States,Ashburn,,Amazon.com
212.129.6.218,7474,"HTTP/1.1 401 Unauthorized
WWW-Authenticate: Basic realm=""neo4j graphdb""
Content-Type: text/html; charset=ISO-8859-1
Cache-Control: must-revalidate,no-cache,no-store
Content-Length: 0
Server: Jetty(9.0.5.v20130815)

",2016-12-25T03:01:38.543649,212-129-6-218.rev.poneytelecom.eu,France,,,Iliad Entreprises Customers
130.211.80.41,7474,"HTTP/1.1 401 Unauthorized
WWW-Authenticate: Basic realm=""neo4j graphdb""
Content-Type: text/html; charset=ISO-8859-1
Cache-Control: must-revalidate,no-cache,no-store
Content-Length: 0
Server: Jetty(9.0.5.v20130815)

",2016-12-24T23:01:17.614206,41.80.211.130.bc.googleusercontent.com,United States,Mountain View,,Google Cloud
54.87.92.225,80,"HTTP/1.0 401 Unauthorized
Cache-Control: no-cache
Connection: close
Content-Type: text/html
WWW-Authenticate: Basic realm=""Neo4j""

",2016-12-22T06:54:39.608993,ec2-54-87-92-225.compute-1.amazonaws.com,United States,Ashburn,,Amazon.com
54.227.250.111,443,"HTTP/1.1 200 OK
Date: Wed, 21 Dec 2016 12:38:42 GMT
Server: Apache
Last-Modified: Mon, 20 Jan 2014 17:27:21 GMT
ETag: ""23e0b-1101-4f06a34455040""
Accept-Ranges: bytes
Content-Length: 4353
Vary: Accept-Encoding
Content-Type: text/html

﻿<!--
/**
 * LINKURIOUS CONFIDENTIAL
 * __________________
 * 
 *  [2012] - [2013] Linkurious SAS 
 *  All Rights Reserved.
 *  Sébastien Heymann <seb@linkurio.us>,
 *  Romain Yon <romain@linkurio.us>
 * 
 * NOTICE:  All information contained herein is, and remains
 * the property of Linkurious SAS and its suppliers,
 * if any.  The intellectual and technical concepts contained
 * herein are proprietary to Linkurious SAS
 * and its suppliers and may be covered by French and Foreign Patents,
 * patents in process, and are protected by trade secret or copyright law.
 * Dissemination of this information or reproduction of this material
 * is strictly forbidden unless prior written permission is obtained
 * from Linkurious SAS.
 */
-->
<!DOCTYPE html>
<html lang=""en"">
  <head>
    <meta charset=""utf-8"" />
    <title>Linkurious</title>
    <meta name=""viewport"" content=""width=device-width, initial-scale=1.0"" />
    <meta name=""description"" content=""Visualize graph data easily."" />
    <meta name=""author"" content=""Linkurious SAS"" />
    <link rel=""icon"" type=""image/png"" href=""assets/img/favicon.png"">

    <!-- Le styles -->
    <link href=""assets/font/open-sans/stylesheet.css"" type=""text/css"" charset=""utf-8"" rel=""stylesheet""/>
    <link href=""lib/bootstrap/css/bootstrap.css"" type=""text/css"" rel=""stylesheet"" />
    <link href=""lib/bootstrap/css/bootstrap-responsive.css"" type=""text/css"" rel=""stylesheet"" />
    <link href=""lib/font-awesome/css/font-awesome.min.css"" rel=""stylesheet""/>
    <link href=""lib/select2-3.4.5/select2.css"" rel=""stylesheet""/>
    <link href=""assets/css/components.css"" type=""text/css"" rel=""stylesheet""/>
    <link href=""assets/css/default.css"" type=""text/css"" rel=""stylesheet""/>
    <link href=""assets/css/index.css"" type=""text/css"" rel=""stylesheet""/>
    <!-- Le HTML5 shim, for IE6-8 support of HTML5 elements -->
    <!--[if lt IE 9]>
        <script src=""lib/html5.js""></script>
    <![endif]-->
    <!--[if IE 7]>
        <link href=""lib/fortawesome/css/font-awesome-ie7.min.css"" rel=""stylesheet""/>
    <![endif]-->
  </head>

  <body>
    <div id=""dots""></div>
    <div id=""floater""></div>
    <div id=""content"" style=""z-index:1000"">
      <div class=""left""><a class=""brand""></a> </div>
      <div class=""right"">
        <div id=""intro"">
          <p id=""statusText"">Application Starting...<br /></p>
          <div style=""float:right""><i class=""icon-spinner icon-spin icon-large""></i></div>
        </div> 
        <div id=""main"" style=""display:none"">
          <form class=""form-search"" style=""float:left"">
            <input type=""hidden"" id=""search-filter"" style=""width:12em;float:left"" />
            <input id=""search-box"" type=""hidden"" class=""span6"" />
          </form>
          <div class=""info""> <i class=""icon-info-sign icon-2x icon-muted"" rel=""tooltip"" title=""Start typing on the search bar and select a node to explore the graph database from this point of view. Nodes are grouped by properties that match your query. You can change the priorities of properties in the Search Settings panel. Optionnaly, filter the result by Neo4j label with the selector on the left if your database is Neo4j 2.0.""></i></div>
          <p class=""directAccess""><a href=""graph.html"">...or go to the graph viewer directly.</a></p>
        </div>
      </div>
    </div>
    <div id=""footer""><a href=""http://linkurio.us"" target=""_blank"">© Linkurious SAS</a> <a href=""/LICENSE/EULA-Linkurious-300813EN.pdf"" target=""_blank"">Terms</a> <a href=""/docs/FAQ.html"" target=""_blank"">F.A.Q.</a> <a href=""mailto:contact@linkurio.us"" target=""_blank"">Feedback</a></div>
  <!-- Le javascript
  ================================================== -->
    <script src=""assets/js/js.ext.js""></script>
  <script src=""lib/jquery.min.js""></script>
  <script src=""lib/jquery-ui/jquery-ui-1.10.3.custom.min.js""></script>
  <script src=""lib/bootstrap/js/bootstrap.min.js""></script>
  <script src=""lib/sockjs-0.3.min.js""></script>
  <script src=""lib/underscore-min.js""></script>
  <script src=""lib/select2-3.4.5/select2.min.js""></script>
  <!--Application code-->
  <script src=""assets/js/dom.js""></script>
  <script src=""assets/js/startup.js""></script>
  <script type=""text/javascript"">
    new linkurious.startup();
  </script>
  </body>
</html>
",2016-12-21T12:38:44.537095,ec2-54-227-250-111.compute-1.amazonaws.com,United States,Ashburn,,Amazon.com
176.9.24.48,9000,"HTTP/1.0 401 Unauthorized
Date: Tue, 20 Dec 2016 02:59:59 GMT
Content-Type: application/json; charset=UTF-8
WWW-Authenticate: Basic realm=""Neo4j""
Content-Length: 133
Server: Jetty(9.2.9.v20150224)

",2016-12-20T03:00:03.382609,static.48.24.9.176.clients.your-server.de,Germany,,,Hetzner Online GmbH
104.197.110.14,7474,"HTTP/1.1 401 Unauthorized
WWW-Authenticate: Basic realm=""neo4j graphdb""
Content-Type: text/html; charset=ISO-8859-1
Cache-Control: must-revalidate,no-cache,no-store
Content-Length: 0
Server: Jetty(9.0.5.v20130815)

",2016-12-19T16:03:08.798099,14.110.197.104.bc.googleusercontent.com,United States,Mountain View,,Google Cloud
183.101.254.121,4022,"HTTP/1.0 401 Unauthorized
Date: Sat, 17 Dec 2016 21:02:00 GMT
Content-Type: application/json; charset=UTF-8
WWW-Authenticate: Basic realm=""Neo4j""
Content-Length: 133
Server: Jetty(9.2.9.v20150224)

",2016-12-17T21:01:55.865023,,"Korea, Republic of",Seoul,,Korea Telecom
187.115.25.15,7474,"HTTP/1.1 401 Unauthorized
WWW-Authenticate: Basic realm=""neo4j graphdb""
Content-Type: text/html; charset=ISO-8859-1
Cache-Control: must-revalidate,no-cache,no-store
Content-Length: 0
Server: Jetty(9.0.5.v20130815)

",2016-12-15T00:24:17.884401,187.115.25.15.static.gvt.net.br,Brazil,Campinas,,Global Village Telecom
50.62.72.107,7474,"HTTP/1.1 401 Unauthorized
WWW-Authenticate: Basic realm=""neo4j graphdb""
Content-Type: text/html; charset=ISO-8859-1
Cache-Control: must-revalidate,no-cache,no-store
Content-Length: 0
Server: Jetty(9.0.5.v20130815)

",2016-12-13T18:21:35.357750,ip-50-62-72-107.ip.secureserver.net,United States,Scottsdale,Linux 2.6.x,"GoDaddy.com, LLC"
54.172.152.59,7474,"HTTP/1.1 401 Unauthorized
WWW-Authenticate: Basic realm=""neo4j graphdb""
Content-Type: text/html; charset=ISO-8859-1
Cache-Control: must-revalidate,no-cache,no-store
Content-Length: 0
Server: Jetty(9.0.5.v20130815)

",2016-12-12T20:39:05.866437,ec2-54-172-152-59.compute-1.amazonaws.com,United States,Ashburn,,AMAZON
